
INSERT INTO PIZZA_ITEMS(id,name,type,category,description) VALUES(1,'Margherita','Veg','Simply Veg','Single Cheese Topping');
INSERT INTO PIZZA_ITEMS(id,name,type,category,description) VALUES(2,'Cheese and Tomato','Veg','Simply Veg','Cheese and Tomato');
INSERT INTO PIZZA_ITEMS(id,name,type,category,description) VALUES(3,'Veg Hawaiian Delight','Veg','Veg Treat','Golden Corn, Pineapple, Jalapeno');
INSERT INTO PIZZA_ITEMS(id,name,type,category,description) VALUES(4,'Spicy Triple Tango','Veg','Veg Treat','Golden Corn, Gherkins, Red Paprika');
INSERT INTO PIZZA_ITEMS(id,name,type,category,description) VALUES(5,'Double Cheese Margherita','Veg','Veg Treat','Loaded with Extra Cheese');
INSERT INTO PIZZA_ITEMS(id,name,type,category,description) VALUES(6,'Country Special','Veg','Veg Treat','Onion, Crisp Capsicum, Fresh Tomato');
INSERT INTO PIZZA_ITEMS(id,name,type,category,description) VALUES(7,'Farm House','Veg','Veg Treat','Onion, Crisp Capsicum, Mushroom, Fresh Tomato');
INSERT INTO PIZZA_ITEMS(id,name,type,category,description) VALUES(8,'Veggie Paradise','Veg','Veg Special','Baby corn, Black Olives, Crisp Capsicum, Red Paprika');
INSERT INTO PIZZA_ITEMS(id,name,type,category,description) VALUES(9,'Peppy Paneer','Veg','Veg Special','Paneer, Crisp Capsicum, Red Paprika');
INSERT INTO PIZZA_ITEMS(id,name,type,category,description) VALUES(10,'Delux Veggie','Veg','Veg Special','Onion, Mushroom, Red Paprika, Paneer, Golden Corn');
INSERT INTO PIZZA_ITEMS(id,name,type,category,description) VALUES(11,'Chicken Salami Special','NonVeg','Simply NonVeg','Cheese and Exotic Chiken');
INSERT INTO PIZZA_ITEMS(id,name,type,category,description) VALUES(12,'Cheese and Barbeque Chicken','NonVeg','Simply NonVeg','Barbeque Chicken, Cheese');
INSERT INTO PIZZA_ITEMS(id,name,type,category,description) VALUES(13,'Chicken Hawaiian Twist','NonVeg','NonVeg Treat','Exotic Chiken, Pineapple, Jalapeno');
INSERT INTO PIZZA_ITEMS(id,name,type,category,description) VALUES(14,'Chicken Fiesta','NonVeg','NonVeg Treat','Chunky Chicken, Spicy Chicken, Onion, Capsicum');
INSERT INTO PIZZA_ITEMS(id,name,type,category,description) VALUES(15,'Spicy Chicken','NonVeg','NonVeg Treat','Red Paprika and Hot n Spicy Chicken');
INSERT INTO PIZZA_ITEMS(id,name,type,category,description) VALUES(16,'Barbeque Chicken','NonVeg','NonVeg Treat','Barbeque Chicken, Onion');
INSERT INTO PIZZA_ITEMS(id,name,type,category,description) VALUES(17,'Chefs Chicken Choice','NonVeg','NonVeg Special','Double Smoked Chiken, Black Olives, Crisp Capsicum, Red Paprika');
INSERT INTO PIZZA_ITEMS(id,name,type,category,description) VALUES(18,'Zesty Chiken','NonVeg','NonVeg Special','Zesty Chicken Sausage, Barbeque Chicken,  Crisp Capsicum, Red Paprika');
INSERT INTO PIZZA_ITEMS(id,name,type,category,description) VALUES(19,'Chicken Golden Delight','NonVeg','NonVeg Special','Golden Corn, Double Barbeque Chicken, Extra Cheese');
INSERT INTO PIZZA_ITEMS(id,name,type,category,description) VALUES(20,'Chicken Mexicana','NonVeg','NonVeg Special','Onion, Fresh Tomato, Red Paprika, Hot n Spicy Chicken, Mexican Herbs');
INSERT INTO PIZZA_ITEMS(id,name,type,category,description) VALUES(21,'Veg Extravaganza','Veg','Veg Feast','Black Olives, Onion, Crisp Capsicum, Mushroom, Fresh Tomato, Golden Corn, Jalapeno, Extra Cheese');
INSERT INTO PIZZA_ITEMS(id,name,type,category,description) VALUES(22,'Cloud 9','Veg','Veg Feast','Onion, Tomato, Babycorn, Paneer, Crisp Capsicum, Jalapeno');
INSERT INTO PIZZA_ITEMS(id,name,type,category,description) VALUES(23,'Non Veg Supreme','NonVeg','NonVeg Feast','Black Olives, Onion, Crisp Capsicum, Mushroom, Hot n Spicy Chicken, Barbeque Chicken, Chunky Chicken');
INSERT INTO PIZZA_ITEMS(id,name,type,category,description) VALUES(24,'Seventh Heaven','NonVeg','NonVeg Feast','Double Smoked Chiken, Double Barbeque Chicken, Onion, Yellow Bell Pepper, Red Bell Pepper, Jalapeno');
INSERT INTO PIZZA_ITEMS(id,name,type,category,description) VALUES(25,'Calzone Pockets','Veg','Sides','Calzone Pockets');
INSERT INTO PIZZA_ITEMS(id,name,type,category,description) VALUES(26,'Calzone Pockets','NonVeg','Sides','Calzone Pockets');
INSERT INTO PIZZA_ITEMS(id,name,type,category,description) VALUES(27,'Garlic BreadSticks','Veg','Sides','Garlic BreadSticks');
INSERT INTO PIZZA_ITEMS(id,name,type,category,description) VALUES(28,'Stuff Garlic Bread','Veg','Sides','Stuff Garlic Bread');
INSERT INTO PIZZA_ITEMS(id,name,type,category,description) VALUES(29,'Chicken Wings','NonVeg','Sides','Chicken Wings');
INSERT INTO PIZZA_ITEMS(id,name,type,category,description) VALUES(30,'Spicy Baked Chicken','NonVeg','Sides','Spicy Baked Chicken');
INSERT INTO PIZZA_ITEMS(id,name,type,category,description) VALUES(31,'Butterscotch Mousse Cake','Veg','Sides','Butterscotch Mousse Cake');
INSERT INTO PIZZA_ITEMS(id,name,type,category,description) VALUES(32,'Choco Lava Cake','Veg','Sides','Choco Lava Cake');


INSERT INTO PIZZA_PRICING(id,itemId,sizes,price) VALUES(1,1,'Regular',85);
INSERT INTO PIZZA_PRICING(id,itemId,sizes,price) VALUES(2,1,'Medium',210);
INSERT INTO PIZZA_PRICING(id,itemId,sizes,price) VALUES(3,1,'Large',380);
INSERT INTO PIZZA_PRICING(id,itemId,sizes,price) VALUES(4,2,'Regular',85);
INSERT INTO PIZZA_PRICING(id,itemId,sizes,price) VALUES(5,2,'Medium',210);
INSERT INTO PIZZA_PRICING(id,itemId,sizes,price) VALUES(6,2,'Large',380);
INSERT INTO PIZZA_PRICING(id,itemId,sizes,price) VALUES(7,3,'Regular',150);
INSERT INTO PIZZA_PRICING(id,itemId,sizes,price) VALUES(8,3,'Medium',300);
INSERT INTO PIZZA_PRICING(id,itemId,sizes,price) VALUES(9,3,'Large',380);
INSERT INTO PIZZA_PRICING(id,itemId,sizes,price) VALUES(10,4,'Regular',150);
INSERT INTO PIZZA_PRICING(id,itemId,sizes,price) VALUES(11,4,'Medium',300);
INSERT INTO PIZZA_PRICING(id,itemId,sizes,price) VALUES(12,4,'Large',380);
INSERT INTO PIZZA_PRICING(id,itemId,sizes,price) VALUES(13,5,'Regular',150);
INSERT INTO PIZZA_PRICING(id,itemId,sizes,price) VALUES(14,5,'Medium',300);
INSERT INTO PIZZA_PRICING(id,itemId,sizes,price) VALUES(15,5,'Large',380);
INSERT INTO PIZZA_PRICING(id,itemId,sizes,price) VALUES(16,6,'Regular',150);
INSERT INTO PIZZA_PRICING(id,itemId,sizes,price) VALUES(17,6,'Medium',300);
INSERT INTO PIZZA_PRICING(id,itemId,sizes,price) VALUES(18,6,'Large',380);
INSERT INTO PIZZA_PRICING(id,itemId,sizes,price) VALUES(19,7,'Regular',150);
INSERT INTO PIZZA_PRICING(id,itemId,sizes,price) VALUES(20,7,'Medium',300);
INSERT INTO PIZZA_PRICING(id,itemId,sizes,price) VALUES(21,7,'Large',380);
INSERT INTO PIZZA_PRICING(id,itemId,sizes,price) VALUES(22,8,'Regular',195);
INSERT INTO PIZZA_PRICING(id,itemId,sizes,price) VALUES(23,8,'Medium',370);
INSERT INTO PIZZA_PRICING(id,itemId,sizes,price) VALUES(24,8,'Large',550);
INSERT INTO PIZZA_PRICING(id,itemId,sizes,price) VALUES(25,9,'Regular',195);
INSERT INTO PIZZA_PRICING(id,itemId,sizes,price) VALUES(26,9,'Medium',370);
INSERT INTO PIZZA_PRICING(id,itemId,sizes,price) VALUES(27,9,'Large',550);
INSERT INTO PIZZA_PRICING(id,itemId,sizes,price) VALUES(28,10,'Regular',195);
INSERT INTO PIZZA_PRICING(id,itemId,sizes,price) VALUES(29,10,'Medium',370);
INSERT INTO PIZZA_PRICING(id,itemId,sizes,price) VALUES(30,10,'Large',550);
INSERT INTO PIZZA_PRICING(id,itemId,sizes,price) VALUES(31,11,'Regular',150);
INSERT INTO PIZZA_PRICING(id,itemId,sizes,price) VALUES(32,11,'Medium',300);
INSERT INTO PIZZA_PRICING(id,itemId,sizes,price) VALUES(33,11,'Large',480);
INSERT INTO PIZZA_PRICING(id,itemId,sizes,price) VALUES(34,12,'Regular',150);
INSERT INTO PIZZA_PRICING(id,itemId,sizes,price) VALUES(35,12,'Medium',300);
INSERT INTO PIZZA_PRICING(id,itemId,sizes,price) VALUES(36,12,'Large',480);
INSERT INTO PIZZA_PRICING(id,itemId,sizes,price) VALUES(37,13,'Regular',195);
INSERT INTO PIZZA_PRICING(id,itemId,sizes,price) VALUES(38,13,'Medium',370);
INSERT INTO PIZZA_PRICING(id,itemId,sizes,price) VALUES(39,13,'Large',550);
INSERT INTO PIZZA_PRICING(id,itemId,sizes,price) VALUES(40,14,'Regular',195);
INSERT INTO PIZZA_PRICING(id,itemId,sizes,price) VALUES(41,14,'Medium',370);
INSERT INTO PIZZA_PRICING(id,itemId,sizes,price) VALUES(42,14,'Large',550);
INSERT INTO PIZZA_PRICING(id,itemId,sizes,price) VALUES(43,15,'Regular',195);
INSERT INTO PIZZA_PRICING(id,itemId,sizes,price) VALUES(44,15,'Medium',370);
INSERT INTO PIZZA_PRICING(id,itemId,sizes,price) VALUES(45,15,'Large',550);
INSERT INTO PIZZA_PRICING(id,itemId,sizes,price) VALUES(46,16,'Regular',195);
INSERT INTO PIZZA_PRICING(id,itemId,sizes,price) VALUES(47,16,'Medium',370);
INSERT INTO PIZZA_PRICING(id,itemId,sizes,price) VALUES(48,16,'Large',550);
INSERT INTO PIZZA_PRICING(id,itemId,sizes,price) VALUES(49,17,'Regular',235);
INSERT INTO PIZZA_PRICING(id,itemId,sizes,price) VALUES(50,17,'Medium',420);
INSERT INTO PIZZA_PRICING(id,itemId,sizes,price) VALUES(51,17,'Large',595);
INSERT INTO PIZZA_PRICING(id,itemId,sizes,price) VALUES(52,18,'Regular',235);
INSERT INTO PIZZA_PRICING(id,itemId,sizes,price) VALUES(53,18,'Medium',420);
INSERT INTO PIZZA_PRICING(id,itemId,sizes,price) VALUES(54,18,'Large',595);
INSERT INTO PIZZA_PRICING(id,itemId,sizes,price) VALUES(55,19,'Regular',235);
INSERT INTO PIZZA_PRICING(id,itemId,sizes,price) VALUES(56,19,'Medium',420);
INSERT INTO PIZZA_PRICING(id,itemId,sizes,price) VALUES(57,19,'Large',595);
INSERT INTO PIZZA_PRICING(id,itemId,sizes,price) VALUES(58,20,'Regular',235);
INSERT INTO PIZZA_PRICING(id,itemId,sizes,price) VALUES(59,20,'Medium',420);
INSERT INTO PIZZA_PRICING(id,itemId,sizes,price) VALUES(60,20,'Large',595);
INSERT INTO PIZZA_PRICING(id,itemId,sizes,price) VALUES(61,21,'Regular',235);
INSERT INTO PIZZA_PRICING(id,itemId,sizes,price) VALUES(62,21,'Medium',425);
INSERT INTO PIZZA_PRICING(id,itemId,sizes,price) VALUES(63,21,'Large',620);
INSERT INTO PIZZA_PRICING(id,itemId,sizes,price) VALUES(64,22,'Regular',235);
INSERT INTO PIZZA_PRICING(id,itemId,sizes,price) VALUES(65,22,'Medium',425);
INSERT INTO PIZZA_PRICING(id,itemId,sizes,price) VALUES(66,22,'Large',620);
INSERT INTO PIZZA_PRICING(id,itemId,sizes,price) VALUES(67,23,'Regular',275);
INSERT INTO PIZZA_PRICING(id,itemId,sizes,price) VALUES(68,23,'Medium',475);
INSERT INTO PIZZA_PRICING(id,itemId,sizes,price) VALUES(69,23,'Large',665);
INSERT INTO PIZZA_PRICING(id,itemId,sizes,price) VALUES(70,24,'Regular',275);
INSERT INTO PIZZA_PRICING(id,itemId,sizes,price) VALUES(71,24,'Medium',475);
INSERT INTO PIZZA_PRICING(id,itemId,sizes,price) VALUES(72,24,'Large',665);
INSERT INTO PIZZA_PRICING(id,itemId,sizes,price) VALUES(73,25,'None',89);
INSERT INTO PIZZA_PRICING(id,itemId,sizes,price) VALUES(74,26,'None',99);
INSERT INTO PIZZA_PRICING(id,itemId,sizes,price) VALUES(75,27,'None',79);
INSERT INTO PIZZA_PRICING(id,itemId,sizes,price) VALUES(76,28,'None',110);
INSERT INTO PIZZA_PRICING(id,itemId,sizes,price) VALUES(77,29,'None',135);
INSERT INTO PIZZA_PRICING(id,itemId,sizes,price) VALUES(78,30,'None',125);
INSERT INTO PIZZA_PRICING(id,itemId,sizes,price) VALUES(79,31,'None',85);
INSERT INTO PIZZA_PRICING(id,itemId,sizes,price) VALUES(80,32,'None',70);


INSERT INTO PIZZA_CUSTOMERS(id,name,password,mobile,address,email) VALUES(1,'admin','admin','1111111111','PizzaShoppee,Pune','admin@sunbeaminfo.com');
INSERT INTO PIZZA_CUSTOMERS(id,name,password,mobile,address,email) VALUES(2,'nilesh','nilesh','9527331338','Katraj,Pune','nilesh@sunbeaminfo.com');
INSERT INTO PIZZA_CUSTOMERS(id,name,password,mobile,address,email) VALUES(3,'prashant','prashant','9881208114','Katraj,Pune','sandeep@sunbeaminfo.com');
INSERT INTO PIZZA_CUSTOMERS(id,name,password,mobile,address,email) VALUES(4,'nitin','nitin','9881208115','ChavanNagar,Pune','nitin@sunbeaminfo.com');



